"Unique_Patient_Identifier","BRAF_V600E_ENSP00000288602","EGFR_L858R_ENSP00000275493","KRAS_G12C_ENSP00000256078","KRAS_G12D_ENSP00000256078"
"0075437e-ba1a-46be-86d6-9773209a2b5e",4.61404388685373e-08,1.28624067890225e-07,1.06728271908692e-07,2.57060671569885e-07
"0780eb43-d5b5-4c3d-9825-beacba5cc723",9.49559604946984e-08,2.03570865737608e-07,3.72253164250384e-07,5.10734519499719e-07
"096bd95f-9900-4db2-b1c4-103902c3b31f",1.71073393745681e-07,2.38205729640241e-07,6.75239593377894e-07,2.18670360441572e-07
"0a45f302-5748-48f3-9dc9-66c01843a68e",1.0279671258606e-07,2.49201849399409e-07,2.13569101296654e-07,5.8201086702745e-07
"0d66bf6c-eed0-4726-bd5b-3bf6d610b4e0",1.10655728151167e-07,1.40672337535813e-07,2.03185440930666e-07,2.89114198220255e-07
"100430c8-1446-45c8-af36-b6dbb3ddd0c1",5.62270399318437e-08,1.59045338822027e-07,1.23313566480453e-07,2.88634682002529e-07
"12b79b4f-c28c-418e-a1e7-e622f33fdcc2",1.08537901940135e-07,2.5560876356737e-07,3.74747800911383e-07,4.21453644793923e-07
"12c07138-e3fa-418a-89e3-628da12bc99e",6.71558030341493e-08,1.22862749532288e-07,1.63296435315645e-07,1.11057802491058e-07
"15f12d2c-b834-4bfc-b526-f03bf85bfe96",2.43288398585796e-07,3.70043597585505e-07,5.50444748716691e-07,3.94711035841794e-07
"175cb088-9b10-4fa9-95c0-7837fdc7bcf9",2.92138925567278e-07,4.01576412958228e-07,6.92422908828363e-07,5.53870358905019e-07
"1ab7ad70-0f80-41d8-8efa-3baebc8223cc",1.06563498330396e-07,1.26932967812121e-07,5.22590571958706e-07,2.91372423184197e-07
"1c339545-c08a-4a77-b8e9-a7e49e53853f",1.76655170423982e-07,3.4571357334861e-07,5.67103424283691e-07,5.19166551480135e-07
"27fceec1-3298-4cdd-a4e6-8f5cf34604f0",1.65198434571716e-07,1.5497700819118e-07,8.20870342566102e-07,3.22260967012202e-07
"2de1ba51-eae1-4a54-b7cd-d6d739fdc39d",1.17385836672165e-07,1.7897313510005e-07,4.68493586342467e-07,2.39021029300751e-07
"3037e91e-213e-43e3-92e4-2fcd68988bde",1.86990574810617e-07,3.70230600603371e-07,6.72395305460529e-07,3.57036317278599e-07
"30f276a8-3a4b-4de8-aea0-7f605d100401",1.34410504231208e-07,2.59909378367171e-07,2.9035972019296e-07,3.33746382935428e-07
"35cb7841-9b09-465a-90c5-e3b8a9faad49",8.85111490804329e-08,1.5928256267338e-07,2.08540486041674e-07,1.36275677011547e-07
"369f14c4-2191-4962-a309-3e23ddc4e5fc",1.56692244549356e-07,2.98188726988987e-07,6.89159531420563e-07,4.65789250473393e-07
"397d3f69-1453-4057-b177-8723eec923d1",1.2561061303555e-07,2.07260421981082e-07,8.00826931722585e-07,5.792839544511e-07
"3c4ff061-d214-4d1c-8d2e-3034f207c252",2.48962379262521e-07,3.85296774431499e-07,8.65383036979407e-07,4.00213533607447e-07
"3daebe75-c6df-478e-8a4c-11186fd5ead9",9.89221435223762e-08,3.01286331388353e-07,3.08508537824054e-07,4.34139117892967e-07
"433a32d0-93d1-4897-8e36-beb1ec1d998e",1.7874872436132e-07,3.24329288338441e-07,5.03372209829318e-07,5.03194277527483e-07
"472337c2-a2fc-403a-8c17-69511193128b",8.12626247912505e-08,9.56508635341883e-08,5.1044241325248e-07,1.96803155872711e-07
"4b7cd595-e7f9-45a8-b736-a8c7c42d9539",1.11254402155499e-07,2.50034404581696e-07,2.33504461963632e-07,7.07032514910119e-07
"54775a66-08cc-4f38-98f2-e7b2b5cec994",1.77795384920728e-07,3.42642390269019e-07,3.72068796437999e-07,4.56079758553257e-07
"58babefe-7e81-4594-ba29-50d1de92a5ab",1.43182900305633e-07,2.76332139959052e-07,4.30782269664577e-07,4.26420517113135e-07
"5a2f8140-8f90-4e94-b703-5fa5aa96be7b",1.02566484511375e-07,1.87029642178211e-07,2.35773560129701e-07,1.35428306113068e-07
"5c266025-e590-457c-af86-4c2dc9797267",9.15935854367404e-08,2.33997259247151e-07,1.9013046672504e-07,4.92112941753692e-07
"5f4934be-eee3-40e1-8838-38103badc898",1.56822773518003e-07,2.13199276103201e-07,2.67383003802407e-07,3.63482375759274e-07
"5fe77d4a-a8a5-4c90-8ff2-9c3bbbb309ef",3.27399212330142e-08,9.50469199966051e-08,8.09204415601197e-08,1.81683601710293e-07
"645903b5-ba37-48a1-985b-a019b8db3236",3.115604064058e-08,9.29591542736003e-08,7.88804667913949e-08,1.59607592392503e-07
"673493f6-975c-49e8-934c-001e9a0fff90",2.16591166377137e-07,3.4393943628074e-07,7.29907284171128e-07,3.78563784507451e-07
"6c3655ca-8ae7-4ad7-b3e4-0c3ec293fba7",9.70668371020058e-08,2.5023177184262e-07,1.97129155574692e-07,5.05675946290452e-07
"6ee9caec-65ac-46db-9426-ffaa31967ae2",4.02008108763355e-08,1.11093584308441e-07,9.29914913875243e-08,2.44697014127532e-07
"7093024b-cf56-4783-b973-b72573ed7f2b",1.69061980484207e-07,3.13470931065726e-07,3.6530750071564e-07,3.06058448378458e-07
"722d6818-f1cb-49f4-b68a-fd0a31304681",5.46288983803394e-08,8.17401253460469e-08,1.11697653295958e-07,1.31154357821775e-07
"742e0e32-25b5-4d41-8bf5-364b571cfd93",2.56164244970493e-07,4.18527637331333e-07,5.52856245059905e-07,3.78749702701181e-07
"75589307-f141-4d0d-b35d-adbbc77b3dec",1.35955304949012e-07,2.18372379185929e-07,7.61360846482542e-07,3.24974935242986e-07
"7782ceaa-da49-4232-8b3f-534971adaad8",1.81085643927088e-07,3.17460578514291e-07,3.97410939692823e-07,3.61944485256555e-07
"77c4dbb2-eceb-4e0d-bcde-63dc817d5f35",1.56710560345355e-07,3.1466625233625e-07,5.69394701498732e-07,4.31223580812752e-07
"77f8c850-b4e6-46a1-ab12-a50e0044a0c8",1.21578831146488e-07,2.17947190099757e-07,4.75925788466942e-07,2.73994828975342e-07
"78ae716b-0ca5-4c01-a053-d41288385fcd",2.0007324312041e-07,2.60736693245646e-07,7.10727576838026e-07,3.4972412712815e-07
"79684460-f74c-4954-80fa-b418827bf2ef",9.62500226544809e-08,1.53214505231547e-07,4.4861754246538e-07,2.31015668419218e-07
"7a111b4f-46e9-4e34-8024-0b9fdc5cbcd8",2.15969357801135e-07,3.74354065606345e-07,1.32532595731301e-06,4.34514540007253e-07
"82476d2d-e403-4f6b-8dd6-cc84e3329478",1.58964849378077e-07,3.08509160170598e-07,3.31872540084585e-07,3.80301661808969e-07
"83a6ed20-b3cf-48b9-8ed3-a080cd4951fa",1.2637086757561e-07,2.26781731254712e-07,2.84901946205779e-07,1.61697603093071e-07
"87f1b3df-4bc7-4336-b658-f30ac1c5c796",2.05198808169925e-07,3.57334813134791e-07,4.42161751459309e-07,3.88582840231777e-07
"8e41153b-9faf-45c3-8397-8a428ef5c0d5",1.11038262921708e-07,2.76968386426905e-07,8.57447432701101e-07,4.24291063404903e-07
"8f04660a-2efb-4947-9eab-375066b9eb33",1.30989255700368e-07,2.22978777896816e-07,7.94151645519438e-07,5.26366107807673e-07
"923b37e4-fcf7-46a0-8cb2-9139711fec7b",8.60179187114444e-08,4.89764712884679e-08,1.46700756535179e-07,6.41455282715584e-08
"94ee639e-3cb4-4943-b5f1-a89eb902153c",1.06597036318014e-07,1.72801862383508e-07,6.50575863325997e-07,4.01599030854354e-07
"967d6548-5a84-4b7e-bc3f-2e522859fce6",9.16023630337306e-08,2.23373185038672e-07,1.19391866183465e-06,4.56024141475095e-07
"96dfa373-4597-49a5-942e-d9b4dc5d28fc",8.25993892294123e-08,1.62001827858665e-07,4.12274652964067e-07,2.96640130629028e-07
"97831d28-ab41-4c18-bfc2-c4c6bc757d13",1.69585119296079e-07,3.02080195553072e-07,3.68818096175788e-07,4.51073976915478e-07
"9a63f744-4ed4-4b4d-aac6-f9bda66aa563",2.80661273521766e-07,3.44614412064696e-07,5.50509825988376e-07,3.39744047630049e-07
"9b132e4f-7e35-4cc5-8711-43ad62b906d0",2.34213018481651e-07,3.19682141110789e-07,4.72626539547658e-07,4.22603402574215e-07
"9c7875ad-ab71-4d48-b2e3-e4c7a46393e9",3.34075151840124e-08,9.10171696469377e-08,8.27063247936138e-08,2.1766268317621e-07
"9dda72ec-1698-44e2-b35c-11e9a2704380",2.71551543375887e-07,4.17527004144557e-07,5.70070193347357e-07,4.53308822677647e-07
"9e640ff7-996e-427b-b56c-519a1e23baab",1.53479145677462e-07,2.88259646052028e-07,3.34263282227988e-07,3.55622664419281e-07
"A008",8.81492246107977e-08,2.19846908817942e-07,3.53638759365612e-07,3.22516986645214e-07
"A015",1.51955187424321e-07,2.85616922349356e-07,4.05659547911579e-07,5.70595696950825e-07
"A017",1.4618657636129e-07,2.14685944694429e-07,5.70205425504094e-07,3.97758768517439e-07
"A021",1.38377158604065e-07,2.92386948003823e-07,5.0264877370273e-07,4.85037812605772e-07
"A025",2.62965613540152e-07,4.42886851095269e-07,5.95725251486418e-07,4.54460455631499e-07
"A028",1.60050799776136e-07,2.96125075314452e-07,4.52584685312477e-07,4.03262817442504e-07
"A037",1.43840201574903e-07,2.28244278004075e-07,4.4824388355469e-07,4.48229455380168e-07
"A062",1.63964168617843e-07,3.1341478816321e-07,5.68737342929945e-07,3.51719165783119e-07
"A063",1.28202623958562e-07,3.0949490149663e-07,2.52539690152378e-07,6.76158722623837e-07
"A068",9.06825821294286e-08,1.75413057751474e-07,1.73667168122298e-07,3.12060072239699e-07
"A071",1.20718462289349e-07,2.82454195482189e-07,2.44468890979198e-07,6.89248987410069e-07
"A073",2.48305831477805e-07,4.33356787678894e-07,5.17319412440469e-07,5.20415442590772e-07
"A074",8.91692233517339e-08,1.98638455073989e-07,1.77308993542155e-07,4.42886413283488e-07
"A101",1.82762428995639e-07,3.14234178217095e-07,7.71346082492495e-07,3.88665063155011e-07
"A102",7.58600771428088e-08,1.39343114067345e-07,1.4675337414091e-07,2.29352175774066e-07
"A103",1.45669388798343e-07,2.95392263052128e-07,6.99202145730245e-07,3.84611223040014e-07
"A114",1.56984835553261e-07,3.09402819236042e-07,2.76036900515101e-07,5.12850183894022e-07
"A117",2.2321236987162e-07,3.84498517940958e-07,6.66376829408177e-07,5.25070323593799e-07
"A120",1.07828097282957e-07,2.76043360621536e-07,2.14679923245443e-07,5.48543195285504e-07
"A122",2.50302903442526e-07,3.04896854775878e-07,1.10259332460084e-06,3.174326023242e-07
"A130",1.71923566452199e-07,2.96279312972955e-07,4.79076586988115e-07,3.0122566805083e-07
"A134",1.14285085123567e-07,2.14222734432754e-07,5.26349175594108e-07,6.48449184361995e-07
"A136",2.12144731347054e-07,3.62625720088932e-07,1.11913522972507e-06,4.61268199854375e-07
"A139",1.5828898064711e-07,3.07586475262375e-07,2.82546936286477e-07,5.82165087872884e-07
"A146",1.14061095536168e-07,2.4483694224093e-07,4.42580400980885e-07,5.47093438094488e-07
"A148",1.71286641530991e-07,3.29399698903875e-07,3.61562488840716e-07,3.95256649368199e-07
"A150",1.61233975115075e-09,3.63593067268994e-09,2.59369111839717e-08,2.13730241702261e-08
"A152",3.19024526322159e-08,9.60002911461268e-08,8.41733603418394e-08,2.61349107056658e-07
"A153",3.26258451735904e-07,4.91737928527149e-07,6.86732058653671e-07,4.75921546221368e-07
"A155",1.40213160510492e-07,2.36336843970184e-07,5.79428656910246e-07,3.33856517996507e-07
"A156",1.33432070531424e-07,3.08018809359895e-07,4.02515034461695e-07,5.67132178586478e-07
"A157",1.495378774835e-07,2.88890882166028e-07,2.60765825701291e-07,5.03683263605817e-07
"A158",1.73028145107972e-07,1.85547941377101e-07,7.25693423787593e-07,4.3881137305431e-07
"A159",2.41404308638675e-07,3.08192577948704e-07,7.69598479615605e-07,4.14212815150535e-07
"A162",1.97855020806965e-07,3.27581821374461e-07,4.39787329171664e-07,2.70140097731046e-07
"A163",8.08285103385657e-08,2.1502376407988e-07,2.04261559761682e-07,4.78291515238967e-07
"A168",1.29995315693595e-07,2.67767076797123e-07,2.74194814486056e-07,2.97909601182795e-07
"A182",7.18460320090599e-08,1.45433416021388e-07,3.45773715308537e-07,2.32702921800119e-07
"A187",1.53227554804392e-07,2.2167449962972e-07,7.14248433263843e-07,5.47194168680873e-07
"A190",1.58626902482053e-07,3.34643488788684e-07,3.34737871398947e-07,5.32344274939709e-07
"A191",2.13223770985643e-07,3.52377913088e-07,4.31878250224967e-07,4.85243694001108e-07
"A192",1.83654346744012e-07,3.03789869690638e-07,6.40760227079351e-07,4.20886138097128e-07
"A203",2.66584345702486e-07,2.88772818032865e-07,1.57822792834424e-06,3.66901345019251e-07
"A206",2.31368490073857e-07,3.25031267645037e-07,1.00723513582858e-06,3.7452267707773e-07
"A208",1.30572614079233e-07,3.82455889130761e-07,4.64729040939088e-07,3.68948953045304e-07
"A217",1.50961291687814e-07,3.40548027355514e-07,2.97942049405615e-07,5.18478890402192e-07
"A219",6.94062012854696e-08,1.91791724146118e-07,1.47236623826285e-07,3.51711352874098e-07
"A220",3.7055695813343e-08,1.09189674725501e-07,9.29302063262958e-08,1.82056751555478e-07
"A222",9.4194526709799e-08,1.9667282278301e-07,1.1741536862668e-06,4.70881165573037e-07
"A233",1.7520420812921e-07,3.60034783341217e-07,5.12509268076903e-07,4.84501915414875e-07
"A239",2.25438908117638e-07,1.9956824655721e-07,1.84995395353453e-06,3.32806382643476e-07
"A241",1.77895727144166e-07,3.33624762809661e-07,4.49118001031585e-07,3.90806476735152e-07
"A243",2.10394525662625e-07,4.04584523437628e-07,4.27686987350757e-07,6.07730900832742e-07
"A249",1.57117196363719e-07,2.40418933202622e-07,5.98411626567819e-07,4.96514512154836e-07
"A255",1.90711817492434e-07,1.95724078514101e-07,1.55526534874537e-06,3.00693526446597e-07
"A258",2.1673603699836e-07,2.95729356563905e-07,9.8266832168615e-07,4.24683287646619e-07
"A260",7.27701833649482e-08,2.54869409440626e-07,9.8904899169989e-07,4.59361124154188e-07
"A261",1.11522144183511e-07,1.34395282596399e-07,5.99992317056983e-07,2.67860937558871e-07
"A262",1.69497417574567e-09,5.08739252663252e-09,1.84138961713865e-08,3.03317570243934e-08
"A266",1.23461983397446e-07,1.89171546625106e-07,2.67980444657321e-07,1.64684950800596e-07
"A270",1.78342153537153e-07,3.69029252324313e-07,3.58374853924481e-07,5.77325101061894e-07
"A272",9.26571876142911e-08,5.49889331207142e-07,1.91944824458754e-07,2.48765756538411e-07
"A273",9.2640642216377e-08,1.90214258984409e-07,2.07726941355911e-07,2.62458771606484e-07
"A274",7.20423546347195e-08,1.91095394136593e-07,1.53479683041613e-07,3.92956813979105e-07
"A275",1.10648024421531e-07,2.92640816111209e-07,2.02649412698613e-07,4.44199041466056e-07
"A276",2.20602191679971e-07,3.51927739551013e-07,4.68974220893492e-07,5.50322092529037e-07
"A277",1.81034026642202e-07,2.57228649398727e-07,8.39210725030329e-07,4.17329526741956e-07
"A278",1.14153143165974e-07,2.16274596494091e-07,5.2670890453932e-07,3.73491800816229e-07
"A279",1.59405617568826e-07,3.44665311292038e-07,2.8780628206461e-07,5.44884282594268e-07
"A281",1.63333576268328e-07,3.20240581395893e-07,7.68245736360427e-07,4.66393973101002e-07
"A282",1.9300808647393e-07,3.430192100137e-07,4.16563554098252e-07,4.03695075126095e-07
"A284",1.39377168569299e-07,2.83376676102376e-07,2.9591896271197e-07,4.91546459294063e-07
"A285",4.01354799568988e-08,1.09632052591529e-07,1.26746925403053e-07,2.09566269565098e-07
"A295",1.75800083095517e-07,1.72981125550795e-07,8.94052931366776e-07,4.92851547689457e-07
"A307",1.02486462529395e-07,2.24235668423746e-07,7.95535637408451e-07,4.62049556852582e-07
"A310",2.05846831443631e-07,3.79008599892917e-07,4.29691891162269e-07,5.35667642243105e-07
"A315",1.39821305523125e-07,2.67260048963446e-07,6.09758175660598e-07,4.4726077937496e-07
"A320",1.24418625902752e-07,3.03997778496359e-07,2.42010615887057e-07,5.81984918875916e-07
"A322",2.37471459847911e-07,3.18628395403598e-07,1.10660924161024e-06,4.70263677530614e-07
"A323",2.78598536897914e-07,4.05464795450701e-07,9.89445259144257e-07,4.51529512285646e-07
"A364",1.84393520080549e-07,3.03948417693693e-07,4.11890166515676e-07,2.7549323850058e-07
"A375",1.65794008299459e-07,3.48176677980248e-07,3.38336405906242e-07,5.25459690776485e-07
"A379",1.04093416289385e-07,2.87693380735328e-07,2.06056472074111e-07,4.74095062245397e-07
"A380",1.87274544691277e-07,1.94881763681596e-07,8.40016718530663e-07,3.16428742577371e-07
"A381",2.55976049535703e-07,3.91938283637826e-07,5.10943098206059e-07,4.94337603497204e-07
"A425",1.56554826425568e-07,2.02366934740445e-07,8.65623921125056e-07,3.41330249621164e-07
"A426",2.66843577971778e-07,4.43678763506017e-07,5.65558629515536e-07,5.34775146031071e-07
"A428",1.68350313471879e-07,3.28693983942362e-07,7.4076721983431e-07,5.06232532667635e-07
"A430",2.79561954696614e-07,3.62677479603687e-07,7.593088494251e-07,4.31370023702161e-07
"A432",1.71472423627444e-07,2.6710671562087e-07,5.70603434717477e-07,5.08670060279883e-07
"A433",1.09935582344187e-07,2.18122371827754e-07,4.40916321988419e-07,2.4066726761134e-07
"A434",1.70770677817558e-07,2.39387075596804e-07,9.96275147097828e-07,3.05150014755603e-07
"A435",9.24442349412163e-08,1.91345685334632e-07,4.97519007110667e-07,3.64832695275551e-07
"A483",1.77080279397024e-07,3.2305035023726e-07,3.80295654037216e-07,5.16583860574635e-07
"A485",1.30169115681263e-07,2.94463511160606e-07,4.63402118916706e-07,5.58987192841046e-07
"A490",5.18366270625539e-08,1.41089421291826e-07,1.17467887221885e-07,2.95429405338305e-07
"A492",8.85792767979692e-08,2.0310536632078e-07,5.85095202541468e-07,3.56683498232841e-07
"A493",1.68960154370273e-07,3.21119866278331e-07,3.61223669682141e-07,3.58016096740232e-07
"A494",9.35822307468174e-08,2.14992022831077e-07,1.17368231752444e-06,5.28114145576481e-07
"A495",1.35346876408093e-07,2.57549003892164e-07,3.49054936836115e-07,2.09804021839108e-07
"A497",1.12460784373529e-07,2.01411519871985e-07,2.84583028748213e-07,2.04576624856907e-07
"A502",1.20242074622237e-07,2.90939196109602e-07,3.89870732122135e-07,5.02411389334827e-07
"A503",1.42191661688881e-07,2.62065738946523e-07,7.03763863460412e-07,5.62581788969534e-07
"A505",1.58147959210374e-09,3.09577720751882e-09,2.87313009119539e-08,1.80453435765356e-08
"A511",2.38382842449052e-07,3.54827075985039e-07,4.94044109667557e-07,3.60994444379478e-07
"A517",1.37746303896781e-07,2.78421754490787e-07,6.73436503609362e-07,4.57441956024072e-07
"A521",1.08102727034022e-07,2.76441159735191e-07,2.12058839504764e-07,5.58553430418853e-07
"A524",2.02893456105455e-07,3.5552085647273e-07,3.70596059773761e-07,5.85391213674665e-07
"A534",1.21852137936733e-07,3.00327339881823e-07,2.41184018192712e-07,6.30566962619973e-07
"A537",1.40925702114728e-07,3.20830902261615e-07,3.7475982390963e-07,5.67308661143287e-07
"BGI-EX01",2.40221225259441e-07,4.14803581137082e-07,5.07403844891317e-07,4.23165635801553e-07
"BGI-EX02",2.97284316959283e-07,4.76997666320364e-07,5.99536950205983e-07,5.26235266033175e-07
"BGI-EX04",2.25469482435544e-07,3.8460505504937e-07,4.86010952552324e-07,6.02795615828299e-07
"BGI-EX05",2.34573085642583e-07,3.6241828246457e-07,5.01247906062846e-07,3.68634094176934e-07
"BGI-RS02",2.40789409650811e-07,3.19075441997942e-07,1.10282718802936e-06,4.30658744000224e-07
"BGI-RS08",1.59689630371202e-09,3.36549113770573e-09,2.73363389084213e-08,1.97065248862174e-08
"BGI-RS11",1.58235911319444e-09,3.11115743538089e-09,2.86517733650259e-08,1.8140048431741e-08
"BGI-RS13",2.61022826940391e-09,1.42396179993768e-08,3.60708606112477e-08,1.83573738747403e-07
"BGI-RS15",1.54109876708471e-07,2.52556416709755e-07,8.74018330652167e-07,3.62249109384251e-07
"BGI-RS16",8.98849824968285e-08,1.56862957440309e-07,4.71687917762122e-07,2.98613441354632e-07
"BGI-RS17",6.6543961004902e-08,1.21404234062445e-07,9.00970954959777e-07,1.28170647159167e-07
"BGI-RS20",1.01028121105509e-07,2.1027854019237e-07,4.13104853000045e-07,5.36469659608239e-07
"BGI-RS21",2.18343282603559e-07,3.43795558572672e-07,4.18459766911271e-07,5.07344471372462e-07
"BGI-RS22",3.28521523555418e-08,9.34893332362485e-08,8.27901560883009e-08,1.88906358840734e-07
"BGI-RS23",1.92198001401794e-07,3.74972253793501e-07,5.68097777420842e-07,3.64885180918626e-07
"BGI-RS25",1.81084491234519e-07,2.54793584355862e-07,1.3648982916716e-06,4.37843404442363e-07
"BGI-RS30",1.22341143270715e-07,2.00575266916622e-07,1.10976995184062e-06,3.97385310959509e-07
"BGI-RS31",2.16649894164823e-07,2.85963791424839e-07,1.42104539156646e-06,3.60049968090372e-07
"BGI-RS32",1.1758107404809e-07,2.81128437794725e-07,3.12766615262717e-07,4.13408438473243e-07
"BGI-RS33",2.22713157755721e-07,3.80130333690468e-07,6.10294415998347e-07,4.856247539292e-07
"BGI-RS35",8.77236486657473e-08,2.01949328779081e-07,1.87028139133357e-07,3.46985703256696e-07
"BGI-RS39",1.316908150291e-07,2.35585144805642e-07,8.00996598924144e-07,3.62992900136692e-07
"BGI-RS48",7.68133048282954e-08,2.04432676290098e-07,1.62284008266238e-07,4.0559820443666e-07
"BGI-RS53",2.3773681688356e-07,4.23859331330893e-07,4.92801817849612e-07,5.17166216788737e-07
"BGI-RS54",1.76778205103853e-07,3.56053291075439e-07,6.00744694628175e-07,5.08969869495704e-07
"BGI-RS55",8.64020322654112e-08,1.58833158639871e-07,2.04420904631e-07,1.14705305305167e-07
"BGI-RS58",1.14567675418531e-07,3.00867710144424e-07,6.51465158899452e-07,4.95493180464536e-07
"BGI-WG03",1.15084007587897e-07,2.74828432774761e-07,6.67465283953562e-07,6.04578817969373e-07
"BGI-WG04",1.03996607968792e-07,2.77971912924141e-07,2.61097013338023e-07,5.63292013367353e-07
"BGI-WG05",8.05942792396324e-08,2.10692326520047e-07,5.02136664547189e-07,4.08438175467059e-07
"BGI-WG06",2.38573424418857e-07,2.86905939228014e-07,9.71425326834793e-07,4.49217972265493e-07
"BGI-WG11",2.22950296591813e-07,3.11908951380153e-07,5.92791909632927e-07,4.88084401806271e-07
"BGI-WG12",1.13893919077662e-07,1.52583859193686e-07,6.12844469321738e-07,3.89590256097688e-07
"BGI-WG13",9.31546326439924e-08,2.14153583463134e-07,1.80993923787033e-07,4.01880317798628e-07
"BGI-WG14",2.1751995797832e-07,4.0101829386011e-07,4.50997646046726e-07,4.7109370549466e-07
"BGI-WG16",9.05340411787755e-08,1.14455529753795e-07,2.86466444054403e-07,2.14949004364331e-07
"BGI-WG17",1.57883743389558e-07,2.92368446337044e-07,5.16305121743679e-07,5.25695395071143e-07
"BGI-WG18",1.00826458220992e-07,1.51017637960008e-07,1.7917938213724e-07,2.50593638603521e-07
"BGI-WG21",6.3704890277584e-09,2.88485015666256e-09,2.05004380851626e-08,3.09668329319126e-08
"BGI-WG22",1.29039091902854e-07,2.65831011044235e-07,2.75118183352349e-07,4.55000166228305e-07
"BGI-WG24",1.63134193714222e-07,2.3859230741053e-07,5.88804841635822e-07,5.28870441714286e-07
"BL3403",1.52887041901297e-07,3.07688539950612e-07,2.8239528623432e-07,6.38754523632292e-07
"CRUK0001-R1",8.32208077548792e-08,1.49479548085086e-07,1.99691808866556e-07,1.29212230783735e-07
"CRUK0002-R1",1.88949193156298e-07,3.4891455544794e-07,4.00746261943098e-07,4.07887038128989e-07
"CRUK0003-R1",1.09112758211276e-07,2.49946753870583e-07,5.3769307259898e-07,6.62130227352179e-07
"CRUK0004-R1",1.24229436900653e-07,2.56695564212598e-07,1.00509806965523e-06,4.42925485049835e-07
"CRUK0006-R1",3.88411834368427e-08,1.1446650409322e-07,9.49415886156164e-08,1.91542569461687e-07
"CRUK0007-R1",1.45073173535521e-07,2.94446744583066e-07,2.98064729230406e-07,4.52742145446381e-07
"CRUK0008-R1",1.47873601020214e-07,2.03164592488209e-07,7.70946983708365e-07,3.32720846718353e-07
"CRUK0009-R1",1.32266118922067e-07,1.76378563942258e-07,5.67146404904501e-07,3.13296862420845e-07
"CRUK0010-R1",1.29018387930378e-07,2.11614838795217e-07,5.53756539524599e-07,4.53888429138144e-07
"CRUK0012-R1",2.80379769688488e-07,4.44299986750564e-07,5.88823836157336e-07,4.89960595055034e-07
"CRUK0014-R1",1.2031562368952e-07,2.64206785098065e-07,4.01258117632826e-07,6.04015494906792e-07
"CRUK0015-R1",1.26237151448825e-07,3.02267774954854e-07,2.50468289276602e-07,6.79518388173742e-07
"CRUK0016-R1",3.11444097037695e-08,9.1970845609921e-08,8.40271332129011e-08,1.53295301421459e-07
"CRUK0019-R1",1.40754354626053e-07,2.80333847483865e-07,4.3552682973649e-07,5.92057510872169e-07
"CRUK0021-R1",1.63496059763567e-07,3.03456005699432e-07,3.53648730699646e-07,3.73528995321737e-07
"CRUK0026-R1",2.20483338066337e-07,4.15576266849479e-07,7.34840442016809e-07,5.0506624426552e-07
"CRUK0038-R1",2.72009001363829e-07,4.07425920081825e-07,6.95861286720769e-07,4.42953522305044e-07
"CRUK0041-R1",1.33445804968266e-07,2.37695883350418e-07,4.91843582990772e-07,4.20725406358494e-07
"CRUK0042-R1",2.6336553703612e-07,3.87376217586405e-07,6.01918410716691e-07,4.50070981382115e-07
"CRUK0043-R1",1.42707753830624e-07,2.95853830498201e-07,4.41913349390767e-07,4.85884611660323e-07
"CRUK0045-R1",2.05263802016249e-07,3.08245084236806e-07,4.81794174398919e-07,5.17020562773696e-07
"DM123062",1.11128318980175e-07,2.35118500334335e-07,4.41282899308048e-07,4.90785133164952e-07
"JB112852",1.36177085722067e-07,2.45155576151845e-07,5.43180602542938e-07,5.67178074512182e-07
"LUAD-B01970",4.90688649481625e-08,4.24680140924844e-07,9.2871728322605e-08,2.10728826833939e-07
"LUAD-CHTN-4090680",8.56807680914431e-08,2.09395318767538e-07,1.79697785728387e-07,5.22359477587524e-07
"LUAD-CHTN-MAD04-00674",2.67442870005949e-07,3.68843638752422e-07,6.08214548800956e-07,4.87049547420115e-07
"LUAD-D02326",1.71947331064569e-07,2.40952500096902e-07,3.12990853518834e-07,6.08045395114111e-07
"LUAD-E01014",2.67899523730589e-07,3.93740405575397e-07,7.67259441885927e-07,4.29353432862334e-07
"LUAD-F00134",1.00549356650598e-07,1.69307483701015e-07,1.86674019259379e-07,3.4136733397142e-07
"LUAD-F00170",1.19302184395464e-07,2.03074654869569e-07,1.04498381313026e-06,4.71073970227909e-07
"LUAD-NYU1142",8.23869344547334e-08,2.39087113536902e-07,1.72314165145052e-07,4.42506528646192e-07
"LUAD-NYU1177",1.24195428812711e-07,3.17753492531007e-07,2.38355649063674e-07,6.0471902830686e-07
"LUAD-NYU1210",1.21672577182395e-07,1.80700855709234e-07,8.60437728112133e-07,3.35915268574794e-07
"LUAD-NYU608",1.91561182565208e-07,1.83109587548869e-07,3.31957527810011e-07,4.24849830736025e-07
"LUAD-NYU704",2.64829049047506e-07,4.03861097258239e-07,5.94153153330694e-07,3.9002969516761e-07
"LUAD-NYU802",1.00404452700902e-07,2.47628121541697e-07,5.06798497433575e-07,5.28355583810878e-07
"LUAD-NYU947",1.43019029816221e-07,2.42062932917832e-07,2.82925331688663e-07,4.04546701782736e-07
"LUAD-QCHM7",1.58511624514105e-09,3.15937695321431e-09,2.84024266045468e-08,1.84369813783651e-08
"LUAD-QJN9L",1.35669378042032e-07,1.74701352301928e-07,2.60391885106109e-07,1.92610504316474e-07
"LUAD-RT-S01702",1.28497448205135e-08,3.12295157028313e-08,1.22722477509282e-06,1.09471655646467e-06
"LUAD-RT-S01852",1.78316961699882e-07,2.23483155497328e-07,1.45510857531118e-06,4.04964315539163e-07
"LUAD-RT-S01856",4.96149517729987e-08,1.38033524248035e-07,1.14280251737063e-07,2.69266149240071e-07
"LUAD-S00499",3.42906580729219e-07,4.43243374153973e-07,8.79096482959766e-07,4.31010983372398e-07
"LUAD-S01304",4.80463940139645e-08,1.66362796418148e-07,1.15722255496127e-07,2.23825752883057e-07
"LUAD-S01341",1.75450706244542e-07,2.3546297104672e-07,3.35792125439267e-07,2.9377042031705e-07
"LUAD-S01345",3.28722368082683e-08,9.46151039375047e-08,8.05811847363991e-08,1.87998577928506e-07
"LUAD-S01362",6.72931821367197e-08,2.87778961439354e-07,2.05551903318528e-07,4.02839596630677e-07
"LUAD-S01373",1.05684267481436e-07,2.90889474287688e-07,7.4155368759984e-07,5.15158394070341e-07
"LUAD-UF7HM",1.66591468242734e-07,2.6615628287151e-07,3.62619967776569e-07,2.52800560162821e-07
"NSLC-0001-T01",2.0844983200914e-07,2.7426755375625e-07,8.99394206260777e-07,2.75894908512774e-07
"NSLC-0002-T01",1.64921344589679e-07,2.43140173442567e-07,8.94747064881335e-07,4.3490605725421e-07
"NSLC-0003-T01",2.1454490773214e-07,2.03749736751072e-07,8.97374600013311e-07,3.28824822496798e-07
"NSLC-0004-T01",1.87472716133805e-07,2.72542791751448e-07,3.72331678446831e-07,2.60435362990494e-07
"NSLC-0005-T01",6.7070978654904e-08,3.99382175989626e-08,1.16463329965748e-07,5.72613118834055e-08
"NSLC-0007-T01",2.42361310193849e-07,2.53896664924597e-07,1.24833112871068e-06,3.80166371461175e-07
"NSLC-0008-T01",1.73529495921477e-07,2.9985819203808e-07,7.77918553774728e-07,3.48141751418777e-07
"NSLC-0009-T01",1.80222191584738e-07,2.3109561298157e-07,9.85548336655095e-07,2.9922534646132e-07
"NSLC-0011-T01",1.48746103396532e-07,2.04115086890743e-07,7.33405484760461e-07,3.16863722523639e-07
"NSLC-0012-T01",1.73882033155942e-07,2.76924390412516e-07,4.88765637059496e-07,4.34367791256246e-07
"NSLC-0013-T01",2.05074072824693e-07,2.1688254551861e-07,1.1828524305413e-06,3.35890940637509e-07
"NSLC-0015-T01",2.56754736555521e-07,3.65276278607577e-07,1.04820950848623e-06,3.45857242543629e-07
"NSLC-0017-T01",2.00521365725825e-07,2.75635138283974e-07,4.49805573847598e-07,4.35171822239861e-07
"NSLC-0018-T01",2.21379398461909e-07,2.13774087052136e-07,1.35917284873088e-06,4.50383474453131e-07
"NSLC-0019-T01",2.5317346519895e-07,2.50296811389041e-07,1.41143412880164e-06,3.42573567316777e-07
"NSLC-0021-T01",2.83536695074466e-07,3.84827462013014e-07,9.71530970397006e-07,3.61441572848321e-07
"NSLC-0024-T01",1.54488048403294e-07,1.75189301307542e-07,6.49746344996831e-07,2.59630805727963e-07
"NSLC-0026-T01",2.12400461050597e-07,2.48303639295838e-07,1.28895855365352e-06,3.67995750573986e-07
"NSLC-0027-T01",2.11744978618992e-07,2.25041885429388e-07,1.20794116472631e-06,3.68346340195915e-07
"NSLC-0028-T01",1.89592193997828e-07,2.49845375079282e-07,9.97016297419387e-07,4.35456744338297e-07
"NSLC-0029-T01",1.82301958631307e-07,3.37900655646005e-07,4.09203728016823e-07,5.69845201403368e-07
"NSLC-0030-T01",1.56100770817289e-07,2.37590690276084e-07,8.17114795578709e-07,2.85570654776139e-07
"NSLC-0031-T01",2.26058028057733e-07,2.53189607448377e-07,1.18525918578768e-06,4.11277663516902e-07
"NSLC-0032-T01",2.18903638108988e-07,3.14405130696825e-07,8.07638177619133e-07,3.47665301987691e-07
"NSLC-0033-T01",2.3214432164189e-07,2.63850973801645e-07,1.05140320294163e-06,3.42000891836159e-07
"NSLC-0036-T01",1.92965563740803e-07,1.68603461063359e-07,1.37762380971817e-06,2.97560670408955e-07
"NSLC-0037-T01",2.75901098671228e-07,3.44220999893889e-07,1.05514757624086e-06,3.81563863571971e-07
"NSLC-0039-T01",9.41744885638132e-08,2.04825233696423e-07,2.76064408786834e-07,4.48245599804783e-07
"NSLC-0042-T01",2.5317346519895e-07,2.50296811389041e-07,1.41143412880164e-06,3.42573567316777e-07
"NSLC-0043-T01",1.85265617206719e-07,2.55689338498442e-07,1.0714968828001e-06,4.22570704983438e-07
"NSLC-0044-T01",2.19603396071319e-07,2.48319808810079e-07,1.11997853279031e-06,3.90474069583194e-07
"NSLC-0045-T01",2.13004601499763e-07,2.58505069528299e-07,9.30695365169765e-07,3.56851076217375e-07
"NSLC-0046-T01",2.67625994876511e-07,3.09941381073682e-07,1.22216828130339e-06,3.34235347948784e-07
"NSLC-0047-T01",2.34690495893002e-07,2.56133014943113e-07,1.15076151573394e-06,4.04354940061304e-07
"NSLC-0048-T01",2.51226571946544e-07,2.96240552332822e-07,1.14991366329546e-06,3.86389084980709e-07
"NSLC-0049-T01",2.39207691033767e-07,3.21785876755722e-07,8.63543609024649e-07,3.2833532951327e-07
"NSLC-0050-T01",2.5317346519895e-07,2.50296811389041e-07,1.41143412880164e-06,3.42573567316777e-07
"NSLC-0053-T01",1.9400239029002e-07,2.79630483490235e-07,8.57105587765097e-07,4.76006123309512e-07
"NSLC-0054-T01",2.14561895637372e-07,2.43949427701367e-07,6.79623618363e-07,3.9530332985674e-07
"NSLC-0055-T01",3.70819480017892e-07,3.86878100977347e-07,1.8564787137729e-06,2.83491577801094e-07
"NSLC-0057-T01",1.20494377207709e-07,3.18205127368476e-07,8.201812585213e-07,3.76326217313323e-07
"NSLC-0058-T01",1.12454924760363e-07,1.49614553016943e-07,6.67965744664853e-07,2.39132381157728e-07
"NSLC-0059-T01",2.50986903105458e-07,2.52755992897778e-07,1.38600960962263e-06,3.49392800240931e-07
"NSLC-0062-T01",2.58476866188913e-07,2.94424057238534e-07,1.1784092141593e-06,3.84469606192044e-07
"NSLC-0063-T01",2.37894671312579e-07,2.67572129636125e-07,1.23589297569484e-06,3.89656306714182e-07
"NSLC-0064-T01",1.88364569617611e-07,2.63684517924831e-07,8.39741605816721e-07,3.89341978337793e-07
"NSLC-0065-T01",1.59639556519113e-09,3.35672672482245e-09,2.7381679660769e-08,1.96525311500611e-08
"NSLC-0066-T01",2.51723377769408e-07,2.25849559563242e-07,1.23001965667271e-06,3.10388325497043e-07
"NSLC-0067-T01",2.20751345633828e-07,1.71389864408435e-07,1.06227427143067e-06,2.94027361137966e-07
"NSLC-0068-T01",2.48801635342103e-07,2.55218072873382e-07,1.3607021599471e-06,3.56180633388871e-07
"NSLC-0069-T01",2.28579465606086e-07,2.70160338185143e-07,1.09762850309481e-06,4.3772803651188e-07
"NSLC-0071-T01",2.45378198567157e-07,3.22520083157193e-07,1.2527584029319e-06,3.86653625585805e-07
"NSLC-0073-T01",2.19304180405026e-07,2.61639993381359e-07,1.43654667231179e-06,3.02649867969903e-07
"NSLC-0074-T01",2.34922901200116e-07,2.53607230997691e-07,8.1164006712421e-07,4.00175754322304e-07
"NSLC-0076-T01",2.1134830836071e-07,2.70909399008197e-07,9.4570851613026e-07,4.38849181802762e-07
"NSLC-0078-T01",2.69822600774201e-07,2.29713443003254e-07,1.62799435975345e-06,3.54954067112989e-07
"NSLC-0079-T01",1.4847053712419e-07,1.54556722720642e-07,1.00842241636177e-06,3.86954075440687e-07
"NSLC-0080-T01",1.33757945795115e-07,2.95902887922553e-07,6.95285270507724e-07,5.79961265136239e-07
"NSLC-0081-T01",1.52912385419625e-07,2.35737566772233e-07,7.95409180988873e-07,3.74479550278793e-07
"NSLC-0082-T01",2.36444602642103e-07,2.70838760133821e-07,1.31264732942554e-06,3.34099872934181e-07
"NSLC-0084-T01",2.61708403472064e-07,2.48207512181684e-07,1.48818447863638e-06,3.36230127685656e-07
"NSLC-0085-T01",1.96360337611542e-07,3.02970691159488e-07,8.51377720332022e-07,3.24631750231324e-07
"NSLC-0086-T01",1.94674485334054e-07,2.24391916217026e-07,9.46486910559413e-07,2.67691232435451e-07
"NSLC-0088-T01",2.16400479856777e-07,2.3500792423431e-07,1.21554981526365e-06,2.8372591912585e-07
"NSLC-0090-T01",1.57222166317212e-09,2.93393405048357e-09,2.95680140269186e-08,1.70489492771746e-08
"NSLC-0092-T08",1.42723184952958e-07,2.60078158886876e-07,9.47019646928939e-07,3.75181060988147e-07
"NSLC-0093-T01",1.8831148794144e-07,2.53066901598125e-07,7.61646421281149e-07,4.59967218886828e-07
"NSLC-0094-T01",2.50154292845834e-07,2.42851566414434e-07,1.35795797791128e-06,3.33110774476084e-07
"NSLC-0095-T01",2.16443332535045e-07,2.76563055685994e-07,9.62703003683677e-07,4.45071844403149e-07
"NSLC-0096-T01",2.4675601420891e-07,2.41454836010608e-07,1.38965510093637e-06,3.53157557892519e-07
"NSLC-0097-T01",2.22403606150225e-07,2.47645920506179e-07,1.15330909954214e-06,3.93784717588677e-07
"NSLC-0100-T02",1.03693728255357e-07,1.86393720563842e-07,4.69084801196075e-07,2.89546180540267e-07
"NSLC-0101-T01",1.53211837919744e-07,2.5941794072929e-07,3.45776810630596e-07,2.29320141045817e-07
"NSLC-0102-T01",1.79390865194919e-07,2.12273490839993e-07,1.35450603806388e-06,2.49005576921628e-07
"NSLC-0103-T01",1.41367320334547e-07,1.83301605876993e-07,8.01058002342918e-07,2.891726347723e-07
"NSLC-0104-T01",4.57972588072091e-08,1.00172317807233e-07,1.68675284725587e-07,1.86167901220822e-07
"NSLC-0105-T01",2.42688206290997e-07,2.37452382735668e-07,1.42387464005243e-06,3.49586109190712e-07
"NSLC-0107-T01",1.23407624569234e-07,2.86088801042766e-07,3.46578152537712e-07,4.96913757561184e-07
"NSLC-0108-T01",1.94414221758872e-07,2.68973079120514e-07,7.47871769616049e-07,3.70882859476039e-07
"NSLC-0109-T01",1.35394983526786e-07,2.2203446381249e-07,7.5390444725223e-07,3.7468723426906e-07
"NSLC-0110-T01",2.15959159775051e-07,2.14412222192414e-07,1.17889834796722e-06,2.98377089296086e-07
"NSLC-0111-T01",1.87209381860039e-07,2.44452961050754e-07,9.32350911142905e-07,3.97828934764283e-07
"NSLC-0112-T01",2.39262346703012e-07,3.46956130885692e-07,5.87211675401296e-07,4.12073174565235e-07
"NSLC-0113-T01",2.09863114180256e-07,3.38191989904507e-07,6.69651640501467e-07,4.08926597676297e-07
"NSLC-0114-T01",2.35208766633965e-07,2.38207549765532e-07,9.42024450241109e-07,3.7548857575732e-07
"NSLC-0115-T01",1.49774455293408e-07,2.6795215294018e-07,5.99500132214647e-07,3.65223327277253e-07
"NSLC-0116-T01",2.52368026138092e-07,2.62208213455627e-07,1.09413124421409e-06,3.07316837647341e-07
"NSLC-0117-T01",3.05655470045837e-07,3.63160111924797e-07,1.43077681337473e-06,2.64128400094956e-07
"NSLC-0118-T01",1.54626446266462e-09,2.4806545583297e-09,3.19100655056885e-08,1.42599327068358e-08
"NSLC-0120-T01",2.46184641983944e-07,2.8243770551941e-07,9.96914499767196e-07,4.57433306641604e-07
"NSLC-0121-T01",2.13645788631004e-07,2.61088543615811e-07,1.16291012241941e-06,3.14306663305353e-07
"NSLC-0122-T01",1.9668354125808e-07,2.4762540781468e-07,9.25245602835142e-07,3.68754147756914e-07
"NSLC-0123-T01",2.15061827366947e-07,2.19514564781725e-07,1.06356430436993e-06,3.66482954333453e-07
"NSLC-0124-T01",2.1547132139939e-07,2.04366429258609e-07,1.11019988380208e-06,2.90795767099418e-07
"NSLC-0130-T01",1.26017572862787e-07,2.31272629401605e-07,5.97191516456946e-07,4.5064786376754e-07
"NSLC-0131-T01",2.12829622676164e-07,2.72437455068263e-07,8.41698830078004e-07,3.41523512796812e-07
"NSLC-0133-T01",2.41075351956662e-07,2.38658395497781e-07,1.35153837451927e-06,3.36218636062611e-07
"NSLC-0135-T01",1.56984935717583e-07,3.27354031590151e-07,6.12691761165966e-07,4.89808105399665e-07
"NSLC-0136-T01",4.09436356781453e-08,1.12985132062277e-07,9.9474852514489e-08,2.37204525446099e-07
"NSLC-0138-T01",2.19470567217685e-07,2.13043415585311e-07,1.17777966192576e-06,3.04291634750452e-07
"NSLC-0140-T01",2.43150639708914e-07,3.51915958007405e-07,1.00796745607803e-06,4.11150179013361e-07
"NSLC-0143-T01",2.48825735986382e-07,2.53303538665146e-07,1.36706824824159e-06,3.55017940451847e-07
"NSLC-0144-T01",2.43978393285437e-07,2.74026274109673e-07,6.49980950760101e-07,3.58507124799996e-07
"NSLC-0145-T01",1.63308849104848e-07,1.73729881612929e-07,1.27686688257719e-06,4.39272822634365e-07
"NSLC-0146-T01",1.70990057576524e-07,2.72640860039342e-07,6.09221412526731e-07,5.28522835932595e-07
"NSLC-0147-T01",1.55932720016989e-07,1.92106813909287e-07,1.00093231662282e-06,3.27590344084293e-07
"NSLC-0148-T01",2.94508182415704e-07,4.74050667769241e-07,6.69065505693422e-07,4.37848713866317e-07
"NSLC-0151-T01",2.31782580161851e-07,2.99593228907912e-07,1.01561061339069e-06,3.83989076175252e-07
"NSLC-0152-T01",2.21594906839995e-07,3.57242550454399e-07,9.41159435853168e-07,3.50620346175593e-07
"NSLC-0154-T01",2.47721617187104e-07,2.80639394583837e-07,1.09215048568299e-06,3.50402667715209e-07
"NSLC-0155-T01",2.3404285646186e-07,3.21125963342015e-07,9.14412040092462e-07,4.22876139766361e-07
"NSLC-0156-T01",2.4748734740882e-07,2.42002123480737e-07,8.48017807369401e-07,3.86496437937735e-07
"NSLC-0160-T01",2.40359364924287e-07,2.71698205770431e-07,1.27044196691923e-06,3.581128046933e-07
"NSLC-0161-T01",2.12397328241136e-07,2.40580458644368e-07,1.1235437239797e-06,3.1120287963779e-07
"NSLC-0166-T01",2.90937464059521e-07,3.19878493943093e-07,1.33728626598586e-06,3.60211173542216e-07
"NSLC-0167-T03",1.38596582469412e-07,2.40236629096831e-07,2.61053361499038e-07,5.95495922847042e-07
"NSLC-0168-T01",1.78053217532746e-07,2.515235783731e-07,9.48315137012235e-07,3.4704458622349e-07
"NSLC-0170-T01",2.29254648012698e-07,4.13044606773167e-07,6.75955908909631e-07,4.72534404627129e-07
"NSLC-0171-T01",2.54141348147862e-07,2.9448833999032e-07,1.06598980515416e-06,3.89101881965316e-07
"NSLC-0173-T01",1.25968332622705e-07,2.71799564170836e-07,2.68299165857555e-07,4.119839554261e-07
"NSLC-0174-T01",2.36621189344416e-07,2.2138556402388e-07,1.38013471565847e-06,3.36048920387746e-07
"NSLC-0175-T01",2.570880753924e-07,2.51618581095783e-07,1.44298385834008e-06,3.65377646411724e-07
"NSLC-0176-T01",1.22491360802223e-07,2.13695897801181e-07,7.49105565514191e-07,5.27785700484481e-07
"NSLC-0177-T01",2.80854017894978e-07,3.25522097571746e-07,1.2690365047332e-06,3.8417414680445e-07
"NSLC-0178-T01",2.14324935799856e-07,2.89465380794896e-07,7.41305803674427e-07,2.95522834685498e-07
"NSLC-0180-T01",2.35400264324327e-07,3.60073032172107e-07,5.82672226802749e-07,3.9194295604221e-07
"NSLC-0181-T01",2.31973144376361e-07,3.05205159725841e-07,8.87917898982953e-07,4.8248764042204e-07
"NSLC-0183-T01",1.28968986490905e-07,2.3253997624705e-07,8.7954728529294e-07,3.7830781531904e-07
"NSLC-0184-T01",2.14067594836453e-07,2.75188216106483e-07,9.20515015120539e-07,4.31549038766335e-07
"NSLC-0185-T01",2.36473443817558e-07,2.50059390101235e-07,1.16901450572528e-06,3.98665010837915e-07
"NSLC-0186-T01",2.01684725143124e-07,2.21083628310897e-07,9.30914774695849e-07,3.20397638469718e-07
"NSLC-0187-T01",2.35693875364402e-07,3.11728283302675e-07,9.67340990855426e-07,4.27362970428211e-07
"NSLC-0188-T01",2.30130367284193e-07,2.811473847323e-07,9.26752671197872e-07,4.10344332404463e-07
"NSLC-0190-T01",2.47460335424186e-07,2.56877797479392e-07,1.30684524484217e-06,3.48266358557787e-07
"NSLC-0191-T01",2.23870385002662e-07,3.66709615300664e-07,6.3712656032954e-07,3.59863327765884e-07
"NSLC-0192-T01",1.1996958233174e-07,1.94980769074665e-07,2.23984895780846e-07,3.83347829473039e-07
"NSLC-0193-T01",1.89032332249509e-07,2.43754071767124e-07,7.81079162883421e-07,3.82082248406143e-07
"NSLC-0194-T01",1.39144555387637e-07,2.0573629006106e-07,8.73765058382218e-07,3.03761438367309e-07
"NSLC-0195-T01",2.2985358869623e-07,2.97366172923025e-07,9.1194460066684e-07,3.8024198505006e-07
"NSLC-0196-T01",1.9506808779039e-07,3.2448338106299e-07,4.27333542799331e-07,3.73195493395706e-07
"NSLC-0197-T01",2.32823622070191e-07,3.30632919755608e-07,7.21776112430942e-07,3.04343637206987e-07
"NSLC-0198-T01",2.05659770321061e-07,2.93311390087698e-07,8.02904113749175e-07,4.58982029517768e-07
"NSLC-0199-T01",2.21874223283216e-07,2.41090420612191e-07,1.24386536834958e-06,4.0360824848996e-07
"NSLC-0200-T01",1.1021267344883e-07,3.25553256333229e-07,3.41011307092913e-07,4.21170347772532e-07
"NSLC-0201-T01",2.37247544023595e-07,2.32589311701197e-07,1.28706704827604e-06,3.15226287776637e-07
"NSLC-0203-T01",2.57189551989393e-07,2.63632881296769e-07,1.26472652653562e-06,3.79570169659084e-07
"NSLC-0204-T01",2.01332658925174e-07,3.29684790439646e-07,4.75559180304368e-07,5.43015551525409e-07
"NSLC-0207-T01",1.88137469490528e-07,2.93253289371152e-07,6.68525849063274e-07,4.78877504859196e-07
"NSLC-0209-T01",2.15233437227787e-07,2.478873125679e-07,1.02925005786912e-06,3.14105211991303e-07
"NSLC-0210-T01",2.52519456237417e-07,3.0615005733382e-07,1.20461732944797e-06,3.42641920591607e-07
"NSLC-0212-T01",2.78468902951333e-07,2.97100336162136e-07,1.36080710422768e-06,3.3290788211509e-07
"NSLC-0213-T01",2.12084279510855e-07,3.18158628149351e-07,7.53491946504554e-07,4.4518490581945e-07
"NSLC-0214-T01",2.4860092999936e-07,2.62968292337163e-07,1.37842588342863e-06,3.37982676344697e-07
"NSLC-0215-T01",2.56418566950707e-07,2.02741647572555e-07,1.41930140986586e-06,2.45683721954644e-07
"NSLC-0216-T01",2.56804011726684e-07,1.73260767519723e-07,1.39690029758079e-06,3.11886536711051e-07
"NSLC-0217-T01",1.07312602914017e-07,2.54210345130765e-07,2.22470826444212e-07,6.2544973475313e-07
"NSLC-0218-T01",2.65958799965433e-07,2.38959547445356e-07,1.33235510661062e-06,3.33654344062246e-07
"NSLC-0219-T01",2.1840465765059e-07,1.94875601630395e-07,1.39651370811778e-06,3.16021070031576e-07
"NSLC-0220-T01",2.03152707668095e-07,2.40624136227107e-07,7.76058543642021e-07,4.29821070746493e-07
"NSLC-0221-T01",2.36926672558071e-07,3.08612423878118e-07,1.14161269817077e-06,4.10668158908129e-07
"NSLC-0222-T01",3.02629660886426e-07,3.84383281945044e-07,1.09899710741662e-06,4.17624331314896e-07
"NSLC-0223-T01",2.58376045726876e-07,3.10428562288302e-07,1.25062349193286e-06,3.49276725611185e-07
"NSLC-0225-T01",2.27202098367628e-07,3.06003807462078e-07,9.84937791892046e-07,4.2345771372136e-07
"NSLC-0226-T01",1.87515865701687e-07,3.16693283601599e-07,3.79731615753939e-07,4.41325321482163e-07
"NSLC-0227-T01",2.44978587692666e-07,2.55286400036537e-07,7.68616519455734e-07,4.2071534463848e-07
"NSLC-0228-T01",2.16759370329084e-07,3.55057496053392e-07,7.3052444101857e-07,3.40050382373634e-07
"NSLC-0229-T01",2.23846610976512e-07,2.43901659265225e-07,1.14626310449323e-06,3.16345118266954e-07
"NSLC-0230-T01",2.1929062057125e-07,2.32543014978951e-07,1.08486590204756e-06,3.96086689208226e-07
"NSLC-0231-T01",6.87070171766835e-08,1.79982168969009e-07,7.23901221729103e-07,3.4580994149252e-07
"NSLC-0232-T01",1.95939726857534e-07,2.87943999625809e-07,9.70009913112664e-07,3.66430876472989e-07
"NSLC-0233-T01",1.39488760905703e-07,2.57073267537739e-07,5.25593758515537e-07,4.43958874284252e-07
"NSLC-0236-T01",1.06887148456287e-07,1.1693692069187e-07,6.12647418390692e-07,1.76951714107395e-07
"NSLC-0237-T01",2.47429383441841e-07,2.89457589021092e-07,1.1966562916252e-06,3.47544822939911e-07
"NSLC-0240-T01",1.96522705633556e-07,1.77908391580193e-07,1.19944754476687e-06,4.45593041899718e-07
"NSLC-0242-T01",2.23270474805986e-07,3.35629316480287e-07,6.4630055389387e-07,3.05986751175596e-07
"NSLC-0243-T01",2.76370854024423e-07,2.14688466770142e-07,1.19232707917915e-06,3.32815863720584e-07
"NSLC-0244-T01",1.9128255825193e-07,2.21415441556475e-07,6.49954815086678e-07,3.92735994679952e-07
"NSLC-0245-T01",1.7632003790957e-07,2.9398456807419e-07,6.56631065319961e-07,5.22531319026564e-07
"NSLC-0246-T01",2.25589524304986e-07,2.54932030298181e-07,1.10347344980104e-06,3.59699664992165e-07
"NSLC-0247-T01",1.74482426136872e-07,2.79532256710206e-07,5.91300570997652e-07,4.08976812310028e-07
"NSLC-0248-T01",2.54496837556512e-07,2.56859417422322e-07,1.37825160844114e-06,3.41571650411736e-07
"NSLC-0249-T01",2.0154599630185e-07,1.77547503316371e-07,1.27783325106917e-06,3.10470617573188e-07
"NSLC-0250-T01",2.83398128824554e-07,2.93959868373586e-07,1.13789304072488e-06,3.31646860623348e-07
"NSLC-0251-T01",2.01416898964544e-07,2.78968127364936e-07,1.0211629405097e-06,4.03104264144309e-07
"NSLC-0252-T01",2.58213354418433e-07,2.37801207877439e-07,1.3460947419134e-06,3.42462034302528e-07
"NSLC-0253-T01",2.31289531278523e-07,2.25340735091157e-07,1.30973977113001e-06,3.10125736755897e-07
"NSLC-0254-T01",2.48943813396567e-07,2.4444925866449e-07,1.39713782750208e-06,3.49521164755863e-07
"NSLC-0255-T01",2.40073484631949e-07,2.65095480173305e-07,1.26062703213487e-06,3.83022266131697e-07
"P-0000036-T01-IM3",2.5317346519895e-07,2.50296811389041e-07,1.41143412880164e-06,3.42573567316777e-07
"P-0000133-T01-IM3",2.5317346519895e-07,2.50296811389041e-07,1.41143412880164e-06,3.42573567316777e-07
"P-0000165-T01-IM3",2.5317346519895e-07,2.50296811389041e-07,1.41143412880164e-06,3.42573567316777e-07
"P-0000260-T01-IM3",2.5317346519895e-07,2.50296811389041e-07,1.41143412880164e-06,3.42573567316777e-07
"P-0000280-T01-IM3",2.5317346519895e-07,2.50296811389041e-07,1.41143412880164e-06,3.42573567316777e-07
"P-0000289-T01-IM3",2.5317346519895e-07,2.50296811389041e-07,1.41143412880164e-06,3.42573567316777e-07
"P-0000316-T01-IM3",2.5317346519895e-07,2.50296811389041e-07,1.41143412880164e-06,3.42573567316777e-07
"P-0000348-T01-IM3",2.5317346519895e-07,2.50296811389041e-07,1.41143412880164e-06,3.42573567316777e-07
"P-0000352-T01-IM3",2.5317346519895e-07,2.50296811389041e-07,1.41143412880164e-06,3.42573567316777e-07
"P-0000563-T01-IM3",2.5317346519895e-07,2.50296811389041e-07,1.41143412880164e-06,3.42573567316777e-07
"P-0000569-T01-IM3",2.5317346519895e-07,2.50296811389041e-07,1.41143412880164e-06,3.42573567316777e-07
"P-0000604-T01-IM3",2.5317346519895e-07,2.50296811389041e-07,1.41143412880164e-06,3.42573567316777e-07
"P-0000630-T01-IM3",2.5317346519895e-07,2.50296811389041e-07,1.41143412880164e-06,3.42573567316777e-07
"P-0000642-T01-IM3",2.5317346519895e-07,2.50296811389041e-07,1.41143412880164e-06,3.42573567316777e-07
"P-0000894-T01-IM3",2.5317346519895e-07,2.50296811389041e-07,1.41143412880164e-06,3.42573567316777e-07
"P-0000913-T02-IM5",2.5317346519895e-07,2.50296811389041e-07,1.41143412880164e-06,3.42573567316777e-07
"P-0000978-T02-IM5",2.5317346519895e-07,2.50296811389041e-07,1.41143412880164e-06,3.42573567316777e-07
"P-0000987-T01-IM3",2.5317346519895e-07,2.50296811389041e-07,1.41143412880164e-06,3.42573567316777e-07
"P-0001097-T01-IM3",2.5317346519895e-07,2.50296811389041e-07,1.41143412880164e-06,3.42573567316777e-07
"P-0001165-T01-IM3",2.5317346519895e-07,2.50296811389041e-07,1.41143412880164e-06,3.42573567316777e-07
"P-0001241-T01-IM3",2.5317346519895e-07,2.50296811389041e-07,1.41143412880164e-06,3.42573567316777e-07
"P-0001269-T01-IM3",2.5317346519895e-07,2.50296811389041e-07,1.41143412880164e-06,3.42573567316777e-07
"P-0001300-T01-IM3",2.5317346519895e-07,2.50296811389041e-07,1.41143412880164e-06,3.42573567316777e-07
"P-0001328-T01-IM3",2.5317346519895e-07,2.50296811389041e-07,1.41143412880164e-06,3.42573567316777e-07
"P-0001368-T01-IM3",2.5317346519895e-07,2.50296811389041e-07,1.41143412880164e-06,3.42573567316777e-07
"P-0001380-T01-IM3",2.5317346519895e-07,2.50296811389041e-07,1.41143412880164e-06,3.42573567316777e-07
"P-0001389-T01-IM3",2.5317346519895e-07,2.50296811389041e-07,1.41143412880164e-06,3.42573567316777e-07
"P-0001532-T01-IM3",2.5317346519895e-07,2.50296811389041e-07,1.41143412880164e-06,3.42573567316777e-07
"P-0001546-T02-IM5",2.5317346519895e-07,2.50296811389041e-07,1.41143412880164e-06,3.42573567316777e-07
"P-0001613-T01-IM3",2.5317346519895e-07,2.50296811389041e-07,1.41143412880164e-06,3.42573567316777e-07
"P-0001625-T01-IM3",2.5317346519895e-07,2.50296811389041e-07,1.41143412880164e-06,3.42573567316777e-07
"P-0001633-T01-IM3",2.5317346519895e-07,2.50296811389041e-07,1.41143412880164e-06,3.42573567316777e-07
"P-0001665-T01-IM3",2.5317346519895e-07,2.50296811389041e-07,1.41143412880164e-06,3.42573567316777e-07
"P-0001707-T01-IM3",2.5317346519895e-07,2.50296811389041e-07,1.41143412880164e-06,3.42573567316777e-07
"P-0001766-T01-IM3",2.5317346519895e-07,2.50296811389041e-07,1.41143412880164e-06,3.42573567316777e-07
"P-0001894-T01-IM3",2.5317346519895e-07,2.50296811389041e-07,1.41143412880164e-06,3.42573567316777e-07
"P-0001955-T01-IM3",2.5317346519895e-07,2.50296811389041e-07,1.41143412880164e-06,3.42573567316777e-07
"P-0002038-T01-IM3",2.5317346519895e-07,2.50296811389041e-07,1.41143412880164e-06,3.42573567316777e-07
"P-0002046-T01-IM3",2.5317346519895e-07,2.50296811389041e-07,1.41143412880164e-06,3.42573567316777e-07
"P-0002085-T01-IM3",2.5317346519895e-07,2.50296811389041e-07,1.41143412880164e-06,3.42573567316777e-07
"P-0002218-T02-IM5",2.5317346519895e-07,2.50296811389041e-07,1.41143412880164e-06,3.42573567316777e-07
"P-0002275-T01-IM3",2.5317346519895e-07,2.50296811389041e-07,1.41143412880164e-06,3.42573567316777e-07
"P-0002295-T01-IM3",2.5317346519895e-07,2.50296811389041e-07,1.41143412880164e-06,3.42573567316777e-07
"P-0002320-T01-IM3",2.5317346519895e-07,2.50296811389041e-07,1.41143412880164e-06,3.42573567316777e-07
"P-0002403-T01-IM3",2.5317346519895e-07,2.50296811389041e-07,1.41143412880164e-06,3.42573567316777e-07
"P-0002423-T01-IM3",2.5317346519895e-07,2.50296811389041e-07,1.41143412880164e-06,3.42573567316777e-07
"P-0002426-T01-IM3",2.5317346519895e-07,2.50296811389041e-07,1.41143412880164e-06,3.42573567316777e-07
"P-0002446-T01-IM3",2.5317346519895e-07,2.50296811389041e-07,1.41143412880164e-06,3.42573567316777e-07
"P-0002491-T01-IM3",2.5317346519895e-07,2.50296811389041e-07,1.41143412880164e-06,3.42573567316777e-07
"P-0002506-T02-IM5",2.5317346519895e-07,2.50296811389041e-07,1.41143412880164e-06,3.42573567316777e-07
"P-0002534-T01-IM3",2.5317346519895e-07,2.50296811389041e-07,1.41143412880164e-06,3.42573567316777e-07
"P-0002557-T01-IM3",2.5317346519895e-07,2.50296811389041e-07,1.41143412880164e-06,3.42573567316777e-07
"P-0002559-T01-IM3",2.5317346519895e-07,2.50296811389041e-07,1.41143412880164e-06,3.42573567316777e-07
"P-0002580-T01-IM3",2.5317346519895e-07,2.50296811389041e-07,1.41143412880164e-06,3.42573567316777e-07
"P-0002646-T01-IM3",2.5317346519895e-07,2.50296811389041e-07,1.41143412880164e-06,3.42573567316777e-07
"P-0002650-T01-IM3",2.5317346519895e-07,2.50296811389041e-07,1.41143412880164e-06,3.42573567316777e-07
"P-0002663-T01-IM3",2.5317346519895e-07,2.50296811389041e-07,1.41143412880164e-06,3.42573567316777e-07
"P-0002823-T01-IM3",2.5317346519895e-07,2.50296811389041e-07,1.41143412880164e-06,3.42573567316777e-07
"P-0002846-T01-IM3",2.5317346519895e-07,2.50296811389041e-07,1.41143412880164e-06,3.42573567316777e-07
"P-0002877-T01-IM3",2.5317346519895e-07,2.50296811389041e-07,1.41143412880164e-06,3.42573567316777e-07
"P-0002890-T01-IM3",2.5317346519895e-07,2.50296811389041e-07,1.41143412880164e-06,3.42573567316777e-07
"P-0002912-T01-IM3",2.5317346519895e-07,2.50296811389041e-07,1.41143412880164e-06,3.42573567316777e-07
"P-0002916-T02-IM5",2.5317346519895e-07,2.50296811389041e-07,1.41143412880164e-06,3.42573567316777e-07
"P-0003017-T01-IM3",2.5317346519895e-07,2.50296811389041e-07,1.41143412880164e-06,3.42573567316777e-07
"P-0003070-T01-IM5",2.5317346519895e-07,2.50296811389041e-07,1.41143412880164e-06,3.42573567316777e-07
"P-0003125-T01-IM5",2.5317346519895e-07,2.50296811389041e-07,1.41143412880164e-06,3.42573567316777e-07
"P-0003169-T01-IM5",2.5317346519895e-07,2.50296811389041e-07,1.41143412880164e-06,3.42573567316777e-07
"P-0003207-T01-IM5",2.5317346519895e-07,2.50296811389041e-07,1.41143412880164e-06,3.42573567316777e-07
"P-0003250-T01-IM5",2.5317346519895e-07,2.50296811389041e-07,1.41143412880164e-06,3.42573567316777e-07
"P-0003282-T01-IM5",2.5317346519895e-07,2.50296811389041e-07,1.41143412880164e-06,3.42573567316777e-07
"P-0003322-T01-IM5",2.5317346519895e-07,2.50296811389041e-07,1.41143412880164e-06,3.42573567316777e-07
"P-0003465-T01-IM5",2.5317346519895e-07,2.50296811389041e-07,1.41143412880164e-06,3.42573567316777e-07
"P-0003480-T01-IM5",2.5317346519895e-07,2.50296811389041e-07,1.41143412880164e-06,3.42573567316777e-07
"P-0003495-T01-IM5",2.5317346519895e-07,2.50296811389041e-07,1.41143412880164e-06,3.42573567316777e-07
"P-0003531-T01-IM5",2.5317346519895e-07,2.50296811389041e-07,1.41143412880164e-06,3.42573567316777e-07
"P-0003573-T02-IM5",2.5317346519895e-07,2.50296811389041e-07,1.41143412880164e-06,3.42573567316777e-07
"P-0003670-T01-IM5",2.5317346519895e-07,2.50296811389041e-07,1.41143412880164e-06,3.42573567316777e-07
"P-0003714-T01-IM5",2.5317346519895e-07,2.50296811389041e-07,1.41143412880164e-06,3.42573567316777e-07
"P-0003738-T02-IM5",2.5317346519895e-07,2.50296811389041e-07,1.41143412880164e-06,3.42573567316777e-07
"P-0003752-T03-IM5",2.5317346519895e-07,2.50296811389041e-07,1.41143412880164e-06,3.42573567316777e-07
"P-0003773-T01-IM5",2.5317346519895e-07,2.50296811389041e-07,1.41143412880164e-06,3.42573567316777e-07
"P-0003913-T01-IM3",2.5317346519895e-07,2.50296811389041e-07,1.41143412880164e-06,3.42573567316777e-07
"P-0003970-T02-IM5",2.5317346519895e-07,2.50296811389041e-07,1.41143412880164e-06,3.42573567316777e-07
"P-0004045-T01-IM3",2.5317346519895e-07,2.50296811389041e-07,1.41143412880164e-06,3.42573567316777e-07
"P-0004108-T01-IM5",2.5317346519895e-07,2.50296811389041e-07,1.41143412880164e-06,3.42573567316777e-07
"P-0004120-T01-IM5",2.5317346519895e-07,2.50296811389041e-07,1.41143412880164e-06,3.42573567316777e-07
"P-0004123-T01-IM5",2.5317346519895e-07,2.50296811389041e-07,1.41143412880164e-06,3.42573567316777e-07
"P-0004146-T01-IM5",2.5317346519895e-07,2.50296811389041e-07,1.41143412880164e-06,3.42573567316777e-07
"P-0004169-T01-IM5",2.5317346519895e-07,2.50296811389041e-07,1.41143412880164e-06,3.42573567316777e-07
"P-0004207-T01-IM5",2.5317346519895e-07,2.50296811389041e-07,1.41143412880164e-06,3.42573567316777e-07
"P-0004238-T01-IM5",2.5317346519895e-07,2.50296811389041e-07,1.41143412880164e-06,3.42573567316777e-07
"P-0004279-T01-IM5",2.5317346519895e-07,2.50296811389041e-07,1.41143412880164e-06,3.42573567316777e-07
"P-0004318-T01-IM5",2.5317346519895e-07,2.50296811389041e-07,1.41143412880164e-06,3.42573567316777e-07
"P-0004336-T01-IM5",2.5317346519895e-07,2.50296811389041e-07,1.41143412880164e-06,3.42573567316777e-07
"P-0004339-T01-IM5",2.5317346519895e-07,2.50296811389041e-07,1.41143412880164e-06,3.42573567316777e-07
"P-0004342-T01-IM5",2.5317346519895e-07,2.50296811389041e-07,1.41143412880164e-06,3.42573567316777e-07
"P-0004344-T01-IM5",2.5317346519895e-07,2.50296811389041e-07,1.41143412880164e-06,3.42573567316777e-07
"P-0004463-T01-IM5",2.5317346519895e-07,2.50296811389041e-07,1.41143412880164e-06,3.42573567316777e-07
"P-0004516-T02-IM5",2.5317346519895e-07,2.50296811389041e-07,1.41143412880164e-06,3.42573567316777e-07
"P-0004607-T02-IM5",2.5317346519895e-07,2.50296811389041e-07,1.41143412880164e-06,3.42573567316777e-07
"P-0004613-T01-IM5",2.5317346519895e-07,2.50296811389041e-07,1.41143412880164e-06,3.42573567316777e-07
"P-0004718-T01-IM5",2.5317346519895e-07,2.50296811389041e-07,1.41143412880164e-06,3.42573567316777e-07
"P-0004752-T01-IM5",2.5317346519895e-07,2.50296811389041e-07,1.41143412880164e-06,3.42573567316777e-07
"P-0004790-T01-IM5",2.5317346519895e-07,2.50296811389041e-07,1.41143412880164e-06,3.42573567316777e-07
"P-0005048-T01-IM5",2.5317346519895e-07,2.50296811389041e-07,1.41143412880164e-06,3.42573567316777e-07
"P-0005178-T01-IM5",2.5317346519895e-07,2.50296811389041e-07,1.41143412880164e-06,3.42573567316777e-07
"P-0005277-T02-IM5",2.5317346519895e-07,2.50296811389041e-07,1.41143412880164e-06,3.42573567316777e-07
"P-0005286-T01-IM5",2.5317346519895e-07,2.50296811389041e-07,1.41143412880164e-06,3.42573567316777e-07
"P-0005464-T01-IM5",2.5317346519895e-07,2.50296811389041e-07,1.41143412880164e-06,3.42573567316777e-07
"P-0005467-T01-IM5",2.5317346519895e-07,2.50296811389041e-07,1.41143412880164e-06,3.42573567316777e-07
"P-0005738-T02-IM5",2.5317346519895e-07,2.50296811389041e-07,1.41143412880164e-06,3.42573567316777e-07
"P-0005871-T01-IM5",2.5317346519895e-07,2.50296811389041e-07,1.41143412880164e-06,3.42573567316777e-07
"P-0005962-T01-IM5",2.5317346519895e-07,2.50296811389041e-07,1.41143412880164e-06,3.42573567316777e-07
"P-0005974-T01-IM5",2.5317346519895e-07,2.50296811389041e-07,1.41143412880164e-06,3.42573567316777e-07
"P-0006047-T02-IM5",2.5317346519895e-07,2.50296811389041e-07,1.41143412880164e-06,3.42573567316777e-07
"P-0006084-T01-IM5",2.5317346519895e-07,2.50296811389041e-07,1.41143412880164e-06,3.42573567316777e-07
"P-0006114-T02-IM5",2.5317346519895e-07,2.50296811389041e-07,1.41143412880164e-06,3.42573567316777e-07
"P-0006116-T01-IM5",2.5317346519895e-07,2.50296811389041e-07,1.41143412880164e-06,3.42573567316777e-07
"P-0006149-T02-IM5",2.5317346519895e-07,2.50296811389041e-07,1.41143412880164e-06,3.42573567316777e-07
"P-0006312-T02-IM5",2.5317346519895e-07,2.50296811389041e-07,1.41143412880164e-06,3.42573567316777e-07
"P-0006330-T01-IM5",2.5317346519895e-07,2.50296811389041e-07,1.41143412880164e-06,3.42573567316777e-07
"P-0006561-T02-IM5",2.5317346519895e-07,2.50296811389041e-07,1.41143412880164e-06,3.42573567316777e-07
"P-0006569-T01-IM5",2.5317346519895e-07,2.50296811389041e-07,1.41143412880164e-06,3.42573567316777e-07
"P-0006588-T01-IM5",2.5317346519895e-07,2.50296811389041e-07,1.41143412880164e-06,3.42573567316777e-07
"P-0006606-T01-IM5",2.5317346519895e-07,2.50296811389041e-07,1.41143412880164e-06,3.42573567316777e-07
"P-0006607-T01-IM5",2.5317346519895e-07,2.50296811389041e-07,1.41143412880164e-06,3.42573567316777e-07
"P-0006844-T01-IM5",2.5317346519895e-07,2.50296811389041e-07,1.41143412880164e-06,3.42573567316777e-07
"P-0006886-T01-IM5",2.5317346519895e-07,2.50296811389041e-07,1.41143412880164e-06,3.42573567316777e-07
"P-0007054-T01-IM5",2.5317346519895e-07,2.50296811389041e-07,1.41143412880164e-06,3.42573567316777e-07
"P-0007125-T01-IM5",2.5317346519895e-07,2.50296811389041e-07,1.41143412880164e-06,3.42573567316777e-07
"P-0007167-T01-IM5",2.5317346519895e-07,2.50296811389041e-07,1.41143412880164e-06,3.42573567316777e-07
"P-0007413-T01-IM5",2.5317346519895e-07,2.50296811389041e-07,1.41143412880164e-06,3.42573567316777e-07
"P-0007491-T01-IM5",2.5317346519895e-07,2.50296811389041e-07,1.41143412880164e-06,3.42573567316777e-07
"P-0007633-T01-IM5",2.5317346519895e-07,2.50296811389041e-07,1.41143412880164e-06,3.42573567316777e-07
"P-0007681-T01-IM5",2.5317346519895e-07,2.50296811389041e-07,1.41143412880164e-06,3.42573567316777e-07
"P-0007861-T01-IM5",2.5317346519895e-07,2.50296811389041e-07,1.41143412880164e-06,3.42573567316777e-07
"P-0007864-T01-IM5",2.5317346519895e-07,2.50296811389041e-07,1.41143412880164e-06,3.42573567316777e-07
"P-0008101-T01-IM5",2.5317346519895e-07,2.50296811389041e-07,1.41143412880164e-06,3.42573567316777e-07
"P-0008176-T01-IM5",2.5317346519895e-07,2.50296811389041e-07,1.41143412880164e-06,3.42573567316777e-07
"P-0008310-T01-IM5",2.5317346519895e-07,2.50296811389041e-07,1.41143412880164e-06,3.42573567316777e-07
"P-0008442-T02-IM5",2.5317346519895e-07,2.50296811389041e-07,1.41143412880164e-06,3.42573567316777e-07
"P-0008549-T02-IM5",2.5317346519895e-07,2.50296811389041e-07,1.41143412880164e-06,3.42573567316777e-07
"P-0008589-T01-IM5",2.5317346519895e-07,2.50296811389041e-07,1.41143412880164e-06,3.42573567316777e-07
"P-0008786-T01-IM5",2.5317346519895e-07,2.50296811389041e-07,1.41143412880164e-06,3.42573567316777e-07
"P-0008849-T01-IM5",2.5317346519895e-07,2.50296811389041e-07,1.41143412880164e-06,3.42573567316777e-07
"P-0008917-T01-IM5",2.5317346519895e-07,2.50296811389041e-07,1.41143412880164e-06,3.42573567316777e-07
"P-0009164-T01-IM5",2.5317346519895e-07,2.50296811389041e-07,1.41143412880164e-06,3.42573567316777e-07
"P-0009198-T01-IM5",2.5317346519895e-07,2.50296811389041e-07,1.41143412880164e-06,3.42573567316777e-07
"P-0009343-T01-IM5",2.5317346519895e-07,2.50296811389041e-07,1.41143412880164e-06,3.42573567316777e-07
"P-0009353-T01-IM5",2.5317346519895e-07,2.50296811389041e-07,1.41143412880164e-06,3.42573567316777e-07
"P-0009469-T01-IM5",2.5317346519895e-07,2.50296811389041e-07,1.41143412880164e-06,3.42573567316777e-07
"P-0009514-T01-IM5",2.5317346519895e-07,2.50296811389041e-07,1.41143412880164e-06,3.42573567316777e-07
"P-0009528-T01-IM5",2.5317346519895e-07,2.50296811389041e-07,1.41143412880164e-06,3.42573567316777e-07
"P-0009661-T01-IM5",2.5317346519895e-07,2.50296811389041e-07,1.41143412880164e-06,3.42573567316777e-07
"P-0009708-T01-IM5",2.5317346519895e-07,2.50296811389041e-07,1.41143412880164e-06,3.42573567316777e-07
"P-0009748-T01-IM5",2.5317346519895e-07,2.50296811389041e-07,1.41143412880164e-06,3.42573567316777e-07
"P-0009928-T01-IM5",2.5317346519895e-07,2.50296811389041e-07,1.41143412880164e-06,3.42573567316777e-07
"P-0010891-T01-IM5",2.5317346519895e-07,2.50296811389041e-07,1.41143412880164e-06,3.42573567316777e-07
"P-0011033-T01-IM5",2.5317346519895e-07,2.50296811389041e-07,1.41143412880164e-06,3.42573567316777e-07
"P-0011180-T01-IM5",2.5317346519895e-07,2.50296811389041e-07,1.41143412880164e-06,3.42573567316777e-07
"P-0012076-T01-IM5",2.5317346519895e-07,2.50296811389041e-07,1.41143412880164e-06,3.42573567316777e-07
"P-0012866-T01-IM5",2.5317346519895e-07,2.50296811389041e-07,1.41143412880164e-06,3.42573567316777e-07
"P-0012908-T01-IM5",2.5317346519895e-07,2.50296811389041e-07,1.41143412880164e-06,3.42573567316777e-07
"P-0016046-T01-IM6",2.5317346519895e-07,2.50296811389041e-07,1.41143412880164e-06,3.42573567316777e-07
"RH090935",7.54548235979766e-08,1.54038433449869e-07,4.10977613575417e-07,3.40418035302036e-07
"RO3338",2.74432977693089e-07,4.44225651977784e-07,5.89060256597238e-07,4.35149981947249e-07
"WA7899",2.7037344378275e-07,3.48406085636278e-07,9.77293361216982e-07,3.56611794451606e-07
"ZA6505",2.25876564700299e-07,4.10980770397056e-07,4.67291739221699e-07,5.48302503330715e-07
"a52e99d6-a61a-439d-b0b1-ca7a0eabcb04",2.15734408614489e-09,3.85148920564252e-09,2.73773368485583e-08,3.85796790848841e-08
"a7911bdc-13f1-434a-bfa3-f8ba55d15846",1.49691363356057e-07,2.34038581134398e-07,6.03394014787477e-07,2.25069701759075e-07
"a816e355-be6f-4d16-b051-b6d86ed8cded",2.29445827090856e-08,6.64579026631591e-08,6.56997398946598e-08,1.33493383054164e-07
"abab925c-bef3-4072-b9c4-40f808744593",1.60392202668854e-09,3.48849079482738e-09,2.66999482750516e-08,2.04643664784137e-08
"ac0d7a82-82cb-4aec-b859-e37375f3de8b",7.29762263328494e-08,1.84774875296569e-07,6.48809751942909e-07,3.95455437830251e-07
"ae39e358-08d7-4367-ae68-82b469e791e4",1.36285342892424e-07,3.23586794492079e-07,2.63193148690564e-07,5.97106693828647e-07
"b56dad1e-2fd5-47d8-9cc7-a54be9a1bae2",8.80701745846642e-08,1.36913186124439e-07,7.29788779203316e-07,2.97092170791335e-07
"bbe88801-34f3-46d2-bbfd-b46c3901ed71",3.22090856591858e-08,9.59949760321586e-08,8.07763001190241e-08,1.64389525874194e-07
"c1a01e8c-1f7e-4e24-bfad-90b73f88e992",2.61945311353461e-07,4.13550417491688e-07,5.62597489045484e-07,4.22152899595697e-07
"c353f949-5f66-4a2c-b8f0-17be8bf19e0a",2.00308636150623e-07,2.73713931562663e-07,6.4470949467826e-07,3.6630480490392e-07
"c583fdd1-8cd2-4c15-a23e-0644261f65da",1.80927266386042e-07,3.30482879696858e-07,5.56909362143207e-07,2.21812631938491e-07
"cc4bd56a-25c5-4c48-b583-ac3aeb778ca6",2.50242136345654e-07,3.72168535895418e-07,5.19654032941741e-07,4.02447115168749e-07
"d5326429-9805-47f9-97b0-fbda658e3f01",4.11330525155877e-08,1.14339077283645e-07,4.20371226348524e-07,2.13888369116408e-07
"dbd5b0de-94c9-45dd-afb3-6820a7ecaca2",8.67236218060162e-08,6.56524635564117e-07,1.55371110958533e-07,2.096299592229e-07
"dcd066ba-5894-453e-b1da-82092858c3db",1.5024401660909e-07,3.09266715382607e-07,3.3774152567922e-07,2.50603026299497e-07
"e0a19099-5d25-40df-ad73-6260df3a1b32",1.10063893311487e-07,1.89841147722422e-07,2.57394344598482e-07,1.82019187195688e-07
"e21e2af3-dc71-41fa-94ba-7a7929f47d90",2.35964717110229e-07,2.74088276506521e-07,1.28791034759082e-06,3.41122434845438e-07
"e379cf55-68ef-4fbc-af3e-0a5040c27f0f",1.30907446463797e-07,2.89885841284036e-07,2.70037994754956e-07,4.08991516416127e-07
"e5f956dd-f49f-435c-83c3-5b1b0a2050ed",1.25864332502703e-07,1.5879557539566e-07,4.08973758450421e-07,3.05561167437898e-07
"edf80622-aea2-4b50-bb69-691d6708aa83",2.81286483881221e-07,3.50107093369691e-07,9.91033881148245e-07,3.69087641285216e-07
"f1985735-a188-4567-a88a-530f9b80291b",1.23258648988331e-07,1.99409602552328e-07,3.09071447599362e-07,1.80241188549828e-07
"f59e5a76-f803-470b-910c-a897a149d939",2.15543539553912e-07,3.78203139485424e-07,4.59943875873087e-07,4.1745144845401e-07
"f61d599a-43bd-4743-9568-678317e75955",1.59456985719705e-07,2.86325441739591e-07,3.75493907083218e-07,3.44790307781062e-07
"f809e21d-5f2e-4f3b-a1aa-d6b8d463552a",1.44158713335792e-07,3.28887969302468e-07,3.975814145151e-07,4.55061841827188e-07
"fa0c7392-d485-41ac-bf7e-244a528209ae",3.65802702451299e-08,1.08119214815485e-07,9.06170412635655e-08,1.8171713602557e-07
"fe3eeeb6-0db4-46d7-a020-55604d474c12",2.07955704537871e-07,3.41661717664083e-07,4.59644317325865e-07,2.88065552040842e-07
